practice_id,abs_pct_err_vs_trail,volatility_alert
PRA1,21.593930879887207,True
PRA2,19.48568799358292,True
PRA3,26.050126680209303,True
